nivel,hist_original,hist_equalizado,probabilidade,cdf,nivel_mapeado
0,0,0,0.0,0.0,0
1,0,0,0.0,0.0,0
2,0,0,0.0,0.0,0
3,0,0,0.0,0.0,0
4,0,0,0.0,0.0,0
5,0,0,0.0,0.0,0
6,0,0,0.0,0.0,0
7,0,0,0.0,0.0,0
8,0,0,0.0,0.0,0
9,0,0,0.0,0.0,0
10,0,0,0.0,0.0,0
11,0,0,0.0,0.0,0
12,0,0,0.0,0.0,0
13,17718,0,0.070872,0.070872,18
14,96,0,0.000384,0.071256,18
15,506,0,0.002024,0.07328,19
16,1750,0,0.007,0.08028,20
17,9441,0,0.037764,0.118044,30
18,1642,17814,0.006568,0.124612,32
19,16457,506,0.065828,0.19044,49
20,10381,1750,0.041524,0.231964,59
21,2945,0,0.01178,0.243744,62
22,6149,0,0.024596,0.26834,68
23,1038,0,0.004152,0.272492,69
24,4566,0,0.018264,0.290756,74
25,961,0,0.003844,0.2946,75
26,4562,0,0.018248,0.312848,80
27,2446,0,0.009784,0.322632,82
28,2641,0,0.010564,0.333196,85
29,5860,0,0.02344,0.356636,91
30,1861,9441,0.007444,0.36408,93
31,3850,0,0.0154,0.37948,97
32,2016,1642,0.008064,0.387544,99
33,4290,0,0.01716,0.404704,103
34,3081,0,0.012324,0.417028,106
35,6031,0,0.024124,0.441152,112
36,2830,0,0.01132,0.452472,115
37,4868,0,0.019472,0.471944,120
38,7185,0,0.02874,0.500684,128
39,4197,0,0.016788,0.517472,132
40,3696,0,0.014784,0.532256,136
41,3911,0,0.015644,0.5479,140
42,6814,0,0.027256,0.575156,147
43,1379,0,0.005516,0.580672,148
44,7094,0,0.028376,0.609048,155
45,1295,0,0.00518,0.614228,157
46,6812,0,0.027248,0.641476,164
47,9944,0,0.039776,0.681252,174
48,2898,0,0.011592,0.692844,177
49,5615,16457,0.02246,0.715304,182
50,2791,0,0.011164,0.726468,185
51,5118,0,0.020472,0.74694,190
52,3819,0,0.015276,0.762216,194
53,3533,0,0.014132,0.776348,198
54,3482,0,0.013928,0.790276,202
55,5679,0,0.022716,0.812992,207
56,5933,0,0.023732,0.836724,213
57,1008,0,0.004032,0.840756,214
58,4599,0,0.018396,0.859152,219
59,2546,10381,0.010184,0.869336,222
60,4007,0,0.016028,0.885364,226
61,752,0,0.003008,0.888372,227
62,3433,2945,0.013732,0.902104,230
63,690,0,0.00276,0.904864,231
64,1939,0,0.007756,0.91262,233
65,3544,0,0.014176,0.926796,236
66,2668,0,0.010672,0.937468,239
67,533,0,0.002132,0.9396,240
68,2482,6149,0.009928,0.949528,242
69,1359,1038,0.005436,0.954964,244
70,1336,0,0.005344,0.960308,245
71,1408,0,0.005632,0.96594,246
72,1778,0,0.007112,0.973052,248
73,884,0,0.003536,0.976588,249
74,2373,4566,0.009492,0.98608,251
75,1419,961,0.005676,0.991756,253
76,830,0,0.00332,0.995076,254
77,949,0,0.003796,0.998872,255
78,116,0,0.000464,0.999336,255
79,150,0,0.0006,0.999936,255
80,5,4562,2e-05,0.999956,255
81,10,0,4e-05,0.999996,255
82,0,2446,0.0,0.999996,255
83,1,0,4e-06,1.0,255
84,0,0,0.0,1.0,255
85,0,2641,0.0,1.0,255
86,0,0,0.0,1.0,255
87,0,0,0.0,1.0,255
88,0,0,0.0,1.0,255
89,0,0,0.0,1.0,255
90,0,0,0.0,1.0,255
91,0,5860,0.0,1.0,255
92,0,0,0.0,1.0,255
93,0,1861,0.0,1.0,255
94,0,0,0.0,1.0,255
95,0,0,0.0,1.0,255
96,0,0,0.0,1.0,255
97,0,3850,0.0,1.0,255
98,0,0,0.0,1.0,255
99,0,2016,0.0,1.0,255
100,0,0,0.0,1.0,255
101,0,0,0.0,1.0,255
102,0,0,0.0,1.0,255
103,0,4290,0.0,1.0,255
104,0,0,0.0,1.0,255
105,0,0,0.0,1.0,255
106,0,3081,0.0,1.0,255
107,0,0,0.0,1.0,255
108,0,0,0.0,1.0,255
109,0,0,0.0,1.0,255
110,0,0,0.0,1.0,255
111,0,0,0.0,1.0,255
112,0,6031,0.0,1.0,255
113,0,0,0.0,1.0,255
114,0,0,0.0,1.0,255
115,0,2830,0.0,1.0,255
116,0,0,0.0,1.0,255
117,0,0,0.0,1.0,255
118,0,0,0.0,1.0,255
119,0,0,0.0,1.0,255
120,0,4868,0.0,1.0,255
121,0,0,0.0,1.0,255
122,0,0,0.0,1.0,255
123,0,0,0.0,1.0,255
124,0,0,0.0,1.0,255
125,0,0,0.0,1.0,255
126,0,0,0.0,1.0,255
127,0,0,0.0,1.0,255
128,0,7185,0.0,1.0,255
129,0,0,0.0,1.0,255
130,0,0,0.0,1.0,255
131,0,0,0.0,1.0,255
132,0,4197,0.0,1.0,255
133,0,0,0.0,1.0,255
134,0,0,0.0,1.0,255
135,0,0,0.0,1.0,255
136,0,3696,0.0,1.0,255
137,0,0,0.0,1.0,255
138,0,0,0.0,1.0,255
139,0,0,0.0,1.0,255
140,0,3911,0.0,1.0,255
141,0,0,0.0,1.0,255
142,0,0,0.0,1.0,255
143,0,0,0.0,1.0,255
144,0,0,0.0,1.0,255
145,0,0,0.0,1.0,255
146,0,0,0.0,1.0,255
147,0,6814,0.0,1.0,255
148,0,1379,0.0,1.0,255
149,0,0,0.0,1.0,255
150,0,0,0.0,1.0,255
151,0,0,0.0,1.0,255
152,0,0,0.0,1.0,255
153,0,0,0.0,1.0,255
154,0,0,0.0,1.0,255
155,0,7094,0.0,1.0,255
156,0,0,0.0,1.0,255
157,0,1295,0.0,1.0,255
158,0,0,0.0,1.0,255
159,0,0,0.0,1.0,255
160,0,0,0.0,1.0,255
161,0,0,0.0,1.0,255
162,0,0,0.0,1.0,255
163,0,0,0.0,1.0,255
164,0,6812,0.0,1.0,255
165,0,0,0.0,1.0,255
166,0,0,0.0,1.0,255
167,0,0,0.0,1.0,255
168,0,0,0.0,1.0,255
169,0,0,0.0,1.0,255
170,0,0,0.0,1.0,255
171,0,0,0.0,1.0,255
172,0,0,0.0,1.0,255
173,0,0,0.0,1.0,255
174,0,9944,0.0,1.0,255
175,0,0,0.0,1.0,255
176,0,0,0.0,1.0,255
177,0,2898,0.0,1.0,255
178,0,0,0.0,1.0,255
179,0,0,0.0,1.0,255
180,0,0,0.0,1.0,255
181,0,0,0.0,1.0,255
182,0,5615,0.0,1.0,255
183,0,0,0.0,1.0,255
184,0,0,0.0,1.0,255
185,0,2791,0.0,1.0,255
186,0,0,0.0,1.0,255
187,0,0,0.0,1.0,255
188,0,0,0.0,1.0,255
189,0,0,0.0,1.0,255
190,0,5118,0.0,1.0,255
191,0,0,0.0,1.0,255
192,0,0,0.0,1.0,255
193,0,0,0.0,1.0,255
194,0,3819,0.0,1.0,255
195,0,0,0.0,1.0,255
196,0,0,0.0,1.0,255
197,0,0,0.0,1.0,255
198,0,3533,0.0,1.0,255
199,0,0,0.0,1.0,255
200,0,0,0.0,1.0,255
201,0,0,0.0,1.0,255
202,0,3482,0.0,1.0,255
203,0,0,0.0,1.0,255
204,0,0,0.0,1.0,255
205,0,0,0.0,1.0,255
206,0,0,0.0,1.0,255
207,0,5679,0.0,1.0,255
208,0,0,0.0,1.0,255
209,0,0,0.0,1.0,255
210,0,0,0.0,1.0,255
211,0,0,0.0,1.0,255
212,0,0,0.0,1.0,255
213,0,5933,0.0,1.0,255
214,0,1008,0.0,1.0,255
215,0,0,0.0,1.0,255
216,0,0,0.0,1.0,255
217,0,0,0.0,1.0,255
218,0,0,0.0,1.0,255
219,0,4599,0.0,1.0,255
220,0,0,0.0,1.0,255
221,0,0,0.0,1.0,255
222,0,2546,0.0,1.0,255
223,0,0,0.0,1.0,255
224,0,0,0.0,1.0,255
225,0,0,0.0,1.0,255
226,0,4007,0.0,1.0,255
227,0,752,0.0,1.0,255
228,0,0,0.0,1.0,255
229,0,0,0.0,1.0,255
230,0,3433,0.0,1.0,255
231,0,690,0.0,1.0,255
232,0,0,0.0,1.0,255
233,0,1939,0.0,1.0,255
234,0,0,0.0,1.0,255
235,0,0,0.0,1.0,255
236,0,3544,0.0,1.0,255
237,0,0,0.0,1.0,255
238,0,0,0.0,1.0,255
239,0,2668,0.0,1.0,255
240,0,533,0.0,1.0,255
241,0,0,0.0,1.0,255
242,0,2482,0.0,1.0,255
243,0,0,0.0,1.0,255
244,0,1359,0.0,1.0,255
245,0,1336,0.0,1.0,255
246,0,1408,0.0,1.0,255
247,0,0,0.0,1.0,255
248,0,1778,0.0,1.0,255
249,0,884,0.0,1.0,255
250,0,0,0.0,1.0,255
251,0,2373,0.0,1.0,255
252,0,0,0.0,1.0,255
253,0,1419,0.0,1.0,255
254,0,830,0.0,1.0,255
255,0,1231,0.0,1.0,255
