nivel,frequencia_R,frequencia_G,frequencia_B,relativa_R,relativa_G,relativa_B
0,0,0,0,0.00000000,0.00000000,0.00000000
1,0,0,0,0.00000000,0.00000000,0.00000000
2,0,0,0,0.00000000,0.00000000,0.00000000
3,0,0,0,0.00000000,0.00000000,0.00000000
4,0,0,0,0.00000000,0.00000000,0.00000000
5,0,0,0,0.00000000,0.00000000,0.00000000
6,0,0,0,0.00000000,0.00000000,0.00000000
7,0,0,0,0.00000000,0.00000000,0.00000000
8,0,0,0,0.00000000,0.00000000,0.00000000
9,1,0,0,0.00000156,0.00000000,0.00000000
10,19,0,0,0.00002969,0.00000000,0.00000000
11,69,0,0,0.00010781,0.00000000,0.00000000
12,219,0,0,0.00034219,0.00000000,0.00000000
13,475,1,0,0.00074219,0.00000156,0.00000000
14,1205,8,0,0.00188281,0.00001250,0.00000000
15,1829,16,0,0.00285781,0.00002500,0.00000000
16,2645,77,0,0.00413281,0.00012031,0.00000000
17,3031,254,0,0.00473594,0.00039687,0.00000000
18,3555,446,0,0.00555469,0.00069688,0.00000000
19,3558,583,0,0.00555938,0.00091094,0.00000000
20,4273,1130,0,0.00667656,0.00176563,0.00000000
21,4878,1759,0,0.00762188,0.00274844,0.00000000
22,5527,2402,1,0.00863594,0.00375312,0.00000156
23,4558,2876,1,0.00712187,0.00449375,0.00000156
24,4928,2983,0,0.00770000,0.00466094,0.00000000
25,4783,3308,5,0.00747344,0.00516875,0.00000781
26,4062,3045,7,0.00634688,0.00475781,0.00001094
27,5564,3270,40,0.00869375,0.00510938,0.00006250
28,4987,3570,60,0.00779219,0.00557812,0.00009375
29,5068,4768,174,0.00791875,0.00745000,0.00027187
30,5515,3394,273,0.00861719,0.00530312,0.00042656
31,4452,3601,249,0.00695625,0.00562656,0.00038906
32,4638,4578,462,0.00724687,0.00715312,0.00072187
33,4822,3316,415,0.00753438,0.00518125,0.00064844
34,4353,3502,751,0.00680156,0.00547188,0.00117344
35,4586,4212,1024,0.00716563,0.00658125,0.00160000
36,4157,3370,1163,0.00649531,0.00526563,0.00181719
37,3877,4254,1107,0.00605781,0.00664688,0.00172969
38,3733,4238,1325,0.00583281,0.00662188,0.00207031
39,3438,3284,1641,0.00537187,0.00513125,0.00256406
40,3469,4062,1749,0.00542031,0.00634688,0.00273281
41,3320,3949,1821,0.00518750,0.00617031,0.00284531
42,3120,3072,1776,0.00487500,0.00480000,0.00277500
43,2873,3703,1962,0.00448906,0.00578594,0.00306563
44,3210,3609,2323,0.00501563,0.00563906,0.00362969
45,3130,3520,2715,0.00489063,0.00550000,0.00424219
46,3009,3412,2607,0.00470156,0.00533125,0.00407344
47,3240,3184,3093,0.00506250,0.00497500,0.00483281
48,2944,2889,3227,0.00460000,0.00451406,0.00504219
49,2982,2863,2429,0.00465938,0.00447344,0.00379531
50,2901,2764,2620,0.00453281,0.00431875,0.00409375
51,2622,2788,2729,0.00409687,0.00435625,0.00426406
52,2705,2555,2107,0.00422656,0.00399219,0.00329219
53,2719,2548,2694,0.00424844,0.00398125,0.00420937
54,2717,2507,2217,0.00424531,0.00391719,0.00346406
55,2657,2754,2224,0.00415156,0.00430312,0.00347500
56,2572,2394,2576,0.00401875,0.00374063,0.00402500
57,2451,2359,2044,0.00382969,0.00368594,0.00319375
58,2444,2505,2764,0.00381875,0.00391406,0.00431875
59,2380,2387,2209,0.00371875,0.00372969,0.00345156
60,2323,2563,2543,0.00362969,0.00400469,0.00397344
61,2201,2519,2456,0.00343906,0.00393594,0.00383750
62,2110,2532,2401,0.00329687,0.00395625,0.00375156
63,2133,2304,2694,0.00333281,0.00360000,0.00420937
64,2101,2279,2369,0.00328281,0.00356094,0.00370156
65,2014,2289,2489,0.00314687,0.00357656,0.00388906
66,2049,2300,2562,0.00320156,0.00359375,0.00400312
67,1918,2320,2460,0.00299687,0.00362500,0.00384375
68,1928,2347,2732,0.00301250,0.00366719,0.00426875
69,1915,2089,2380,0.00299219,0.00326406,0.00371875
70,1990,2287,2461,0.00310938,0.00357344,0.00384531
71,1874,2213,2579,0.00292813,0.00345781,0.00402969
72,1915,2212,2383,0.00299219,0.00345625,0.00372344
73,1929,2081,2325,0.00301406,0.00325156,0.00363281
74,1777,2050,2225,0.00277656,0.00320312,0.00347656
75,1851,1954,2213,0.00289219,0.00305312,0.00345781
76,1685,1885,2165,0.00263281,0.00294531,0.00338281
77,1695,1971,2058,0.00264844,0.00307969,0.00321563
78,5323,2092,2112,0.00831719,0.00326875,0.00330000
79,7625,1853,2005,0.01191406,0.00289531,0.00313281
80,7365,1714,1889,0.01150781,0.00267812,0.00295156
81,7101,1711,1894,0.01109531,0.00267344,0.00295938
82,8825,1841,1965,0.01378906,0.00287656,0.00307031
83,8124,1728,1934,0.01269375,0.00270000,0.00302187
84,9848,1766,1663,0.01538750,0.00275938,0.00259844
85,8243,1577,1894,0.01287969,0.00246406,0.00295938
86,8061,1732,1777,0.01259531,0.00270625,0.00277656
87,6935,1616,1794,0.01083594,0.00252500,0.00280313
88,6990,1711,1792,0.01092187,0.00267344,0.00280000
89,6163,1731,1849,0.00962969,0.00270469,0.00288906
90,5532,1537,1891,0.00864375,0.00240156,0.00295469
91,5769,1640,1626,0.00901406,0.00256250,0.00254062
92,5706,1647,1870,0.00891562,0.00257344,0.00292187
93,5675,1607,1748,0.00886719,0.00251094,0.00273125
94,6012,1647,1763,0.00939375,0.00257344,0.00275469
95,5628,1558,1708,0.00879375,0.00243437,0.00266875
96,5689,1497,1831,0.00888906,0.00233906,0.00286094
97,5641,1448,1855,0.00881406,0.00226250,0.00289844
98,5563,1391,1865,0.00869219,0.00217344,0.00291406
99,5570,1354,1823,0.00870313,0.00211562,0.00284844
100,5338,1564,1735,0.00834063,0.00244375,0.00271094
101,5479,4559,1832,0.00856094,0.00712344,0.00286250
102,5699,5923,1722,0.00890469,0.00925469,0.00269062
103,5308,5260,1724,0.00829375,0.00821875,0.00269375
104,5231,5741,1724,0.00817344,0.00897031,0.00269375
105,5515,7035,1726,0.00861719,0.01099219,0.00269688
106,5684,7032,1797,0.00888125,0.01098750,0.00280781
107,5592,8340,1646,0.00873750,0.01303125,0.00257187
108,5606,6419,1736,0.00875937,0.01002969,0.00271250
109,5371,7477,1558,0.00839219,0.01168281,0.00243437
110,5503,7393,1673,0.00859844,0.01155156,0.00261406
111,5431,7738,1652,0.00848594,0.01209063,0.00258125
112,5523,6215,1604,0.00862969,0.00971094,0.00250625
113,4745,5258,1517,0.00741406,0.00821563,0.00237031
114,4433,5266,1479,0.00692656,0.00822812,0.00231094
115,4236,5094,1540,0.00661875,0.00795937,0.00240625
116,4340,5592,1600,0.00678125,0.00873750,0.00250000
117,4278,5621,1502,0.00668438,0.00878281,0.00234688
118,3847,5218,1571,0.00601094,0.00815313,0.00245469
119,3491,5257,1511,0.00545469,0.00821406,0.00236094
120,3597,5994,1588,0.00562031,0.00936563,0.00248125
121,4021,6943,1390,0.00628281,0.01084844,0.00217188
122,3775,6379,1454,0.00589844,0.00996719,0.00227188
123,3673,7036,1348,0.00573906,0.01099375,0.00210625
124,3526,5839,1538,0.00550938,0.00912344,0.00240312
125,3783,6641,1379,0.00591094,0.01037656,0.00215469
126,3365,6249,1456,0.00525781,0.00976406,0.00227500
127,3233,5421,1486,0.00505156,0.00847031,0.00232188
128,3279,5357,1393,0.00512344,0.00837031,0.00217656
129,3307,5158,1409,0.00516719,0.00805938,0.00220156
130,3161,5002,1395,0.00493906,0.00781562,0.00217969
131,3356,4868,1469,0.00524375,0.00760625,0.00229531
132,3455,4888,1323,0.00539844,0.00763750,0.00206719
133,3321,5239,1342,0.00518906,0.00818594,0.00209688
134,3047,4793,1386,0.00476094,0.00748906,0.00216563
135,2856,4454,1313,0.00446250,0.00695938,0.00205156
136,2856,4679,1420,0.00446250,0.00731094,0.00221875
137,2753,4366,1510,0.00430156,0.00682187,0.00235937
138,2719,4295,1792,0.00424844,0.00671094,0.00280000
139,2601,3833,2011,0.00406406,0.00598906,0.00314219
140,2589,3925,2197,0.00404531,0.00613281,0.00343281
141,2458,4065,2925,0.00384062,0.00635156,0.00457031
142,2373,4234,3398,0.00370781,0.00661562,0.00530937
143,2266,3973,2784,0.00354062,0.00620781,0.00435000
144,2290,3838,2170,0.00357813,0.00599687,0.00339062
145,2439,3617,1930,0.00381094,0.00565156,0.00301563
146,2325,3672,1714,0.00363281,0.00573750,0.00267812
147,2401,3616,1627,0.00375156,0.00565000,0.00254219
148,2265,3424,1562,0.00353906,0.00535000,0.00244063
149,2282,3469,1691,0.00356562,0.00542031,0.00264219
150,2331,3309,1637,0.00364219,0.00517031,0.00255781
151,2227,3307,2226,0.00347969,0.00516719,0.00347812
152,2509,3313,2446,0.00392031,0.00517656,0.00382188
153,2210,3366,5041,0.00345313,0.00525938,0.00787656
154,2168,3227,4057,0.00338750,0.00504219,0.00633906
155,2058,3206,3518,0.00321563,0.00500937,0.00549688
156,2100,3154,5481,0.00328125,0.00492813,0.00856406
157,2096,3124,6667,0.00327500,0.00488125,0.01041719
158,1905,2849,6460,0.00297656,0.00445156,0.01009375
159,1767,2862,7049,0.00276094,0.00447188,0.01101406
160,1765,2716,6291,0.00275781,0.00424375,0.00982969
161,1712,2622,6456,0.00267500,0.00409687,0.01008750
162,1706,2767,6517,0.00266563,0.00432344,0.01018281
163,1713,2826,7014,0.00267656,0.00441563,0.01095938
164,1905,2873,6465,0.00297656,0.00448906,0.01010156
165,1701,2610,6102,0.00265781,0.00407813,0.00953437
166,1584,2524,5862,0.00247500,0.00394375,0.00915938
167,1656,2565,6340,0.00258750,0.00400781,0.00990625
168,1644,2586,6094,0.00256875,0.00404062,0.00952188
169,1694,2567,5826,0.00264687,0.00401094,0.00910313
170,1782,2509,6088,0.00278437,0.00392031,0.00951250
171,1543,2551,6186,0.00241094,0.00398594,0.00966563
172,1406,2449,6155,0.00219688,0.00382656,0.00961719
173,1375,2505,6180,0.00214844,0.00391406,0.00965625
174,1578,2360,6141,0.00246562,0.00368750,0.00959531
175,1795,2337,6028,0.00280469,0.00365156,0.00941875
176,1386,2320,5896,0.00216563,0.00362500,0.00921250
177,1339,2428,5702,0.00209219,0.00379375,0.00890938
178,1444,2441,5739,0.00225625,0.00381406,0.00896719
179,1289,2479,5634,0.00201406,0.00387344,0.00880313
180,1281,2384,5309,0.00200156,0.00372500,0.00829531
181,1355,2492,5419,0.00211719,0.00389375,0.00846719
182,1396,2123,5231,0.00218125,0.00331719,0.00817344
183,1104,2001,5140,0.00172500,0.00312656,0.00803125
184,1044,2208,5299,0.00163125,0.00345000,0.00827969
185,1167,2088,5197,0.00182344,0.00326250,0.00812031
186,1187,2134,4947,0.00185469,0.00333438,0.00772969
187,1161,2254,4875,0.00181406,0.00352187,0.00761719
188,1204,2173,4762,0.00188125,0.00339531,0.00744063
189,1170,1789,4793,0.00182813,0.00279531,0.00748906
190,1203,1559,4522,0.00187969,0.00243594,0.00706562
191,1308,1802,4684,0.00204375,0.00281562,0.00731875
192,1054,1819,4538,0.00164687,0.00284219,0.00709062
193,773,2046,4224,0.00120781,0.00319688,0.00660000
194,877,1743,4298,0.00137031,0.00272344,0.00671563
195,1118,1744,4296,0.00174687,0.00272500,0.00671250
196,1035,1841,4348,0.00161719,0.00287656,0.00679375
197,881,1806,4037,0.00137656,0.00282188,0.00630781
198,973,1772,4060,0.00152031,0.00276875,0.00634375
199,1012,1768,4314,0.00158125,0.00276250,0.00674063
200,918,1640,4120,0.00143438,0.00256250,0.00643750
201,912,1514,4130,0.00142500,0.00236563,0.00645312
202,928,1777,3920,0.00145000,0.00277656,0.00612500
203,959,1872,3718,0.00149844,0.00292500,0.00580938
204,606,1896,3818,0.00094688,0.00296250,0.00596562
205,673,1666,3872,0.00105156,0.00260312,0.00605000
206,821,1731,3939,0.00128281,0.00270469,0.00615469
207,951,1817,3613,0.00148594,0.00283906,0.00564531
208,865,1580,3717,0.00135156,0.00246875,0.00580781
209,819,1457,3864,0.00127969,0.00227656,0.00603750
210,644,1256,3837,0.00100625,0.00196250,0.00599531
211,768,1374,3784,0.00120000,0.00214687,0.00591250
212,1038,1502,3705,0.00162188,0.00234688,0.00578906
213,934,1389,3562,0.00145937,0.00217031,0.00556563
214,1137,1265,3762,0.00177656,0.00197656,0.00587812
215,999,1407,3768,0.00156094,0.00219844,0.00588750
216,983,1310,4041,0.00153594,0.00204688,0.00631406
217,1033,1005,3916,0.00161406,0.00157031,0.00611875
218,1230,1404,4075,0.00192187,0.00219375,0.00636719
219,952,1716,4320,0.00148750,0.00268125,0.00675000
220,813,1683,4079,0.00127031,0.00262969,0.00637344
221,871,2028,4194,0.00136094,0.00316875,0.00655312
222,808,2687,3682,0.00126250,0.00419844,0.00575313
223,748,2514,3893,0.00116875,0.00392813,0.00608281
224,660,1880,3924,0.00103125,0.00293750,0.00613125
225,440,1552,4014,0.00068750,0.00242500,0.00627187
226,495,1521,4461,0.00077344,0.00237656,0.00697031
227,469,1395,4550,0.00073281,0.00217969,0.00710938
228,298,1015,4896,0.00046563,0.00158594,0.00765000
229,195,614,5402,0.00030469,0.00095938,0.00844063
230,207,459,6748,0.00032344,0.00071719,0.01054375
231,183,418,7521,0.00028594,0.00065312,0.01175156
232,138,302,6399,0.00021562,0.00047188,0.00999844
233,128,172,4550,0.00020000,0.00026875,0.00710938
234,101,161,2816,0.00015781,0.00025156,0.00440000
235,108,143,1480,0.00016875,0.00022344,0.00231250
236,77,151,1063,0.00012031,0.00023594,0.00166094
237,77,115,577,0.00012031,0.00017969,0.00090156
238,68,111,392,0.00010625,0.00017344,0.00061250
239,53,66,321,0.00008281,0.00010312,0.00050156
240,43,67,260,0.00006719,0.00010469,0.00040625
241,39,70,191,0.00006094,0.00010938,0.00029844
242,31,51,167,0.00004844,0.00007969,0.00026094
243,1,15,109,0.00000156,0.00002344,0.00017031
244,0,3,88,0.00000000,0.00000469,0.00013750
245,0,0,64,0.00000000,0.00000000,0.00010000
246,0,0,63,0.00000000,0.00000000,0.00009844
247,0,0,32,0.00000000,0.00000000,0.00005000
248,0,0,35,0.00000000,0.00000000,0.00005469
249,0,0,26,0.00000000,0.00000000,0.00004062
250,0,0,11,0.00000000,0.00000000,0.00001719
251,0,0,10,0.00000000,0.00000000,0.00001563
252,0,0,11,0.00000000,0.00000000,0.00001719
253,0,0,6,0.00000000,0.00000000,0.00000937
254,0,0,6,0.00000000,0.00000000,0.00000937
255,0,0,11,0.00000000,0.00000000,0.00001719
