nivel,freq_original,freq_realcada,relativa_original,relativa_realcada
0,0,1,0.00000000,0.00000156
1,0,6,0.00000000,0.00000937
2,0,12,0.00000000,0.00001875
3,0,64,0.00000000,0.00010000
4,0,223,0.00000000,0.00034844
5,0,0,0.00000000,0.00000000
6,0,453,0.00000000,0.00070781
7,0,441,0.00000000,0.00068906
8,0,1200,0.00000000,0.00187500
9,0,1718,0.00000000,0.00268438
10,0,2218,0.00000000,0.00346562
11,0,2601,0.00000000,0.00406406
12,0,2914,0.00000000,0.00455312
13,1,3023,0.00000156,0.00472344
14,6,3142,0.00000937,0.00490937
15,12,0,0.00001875,0.00000000
16,64,3557,0.00010000,0.00555781
17,223,3472,0.00034844,0.00542500
18,453,5215,0.00070781,0.00814844
19,441,3390,0.00068906,0.00529688
20,1200,3436,0.00187500,0.00536875
21,1718,4656,0.00268438,0.00727500
22,2218,3270,0.00346562,0.00510938
23,2601,3303,0.00406406,0.00516094
24,2914,4388,0.00455312,0.00685625
25,3023,0,0.00472344,0.00000000
26,3142,3243,0.00490937,0.00506719
27,3557,4259,0.00555781,0.00665469
28,3472,4407,0.00542500,0.00688594
29,5215,3188,0.00814844,0.00498125
30,3390,4019,0.00529688,0.00627969
31,3436,4101,0.00536875,0.00640781
32,4656,3019,0.00727500,0.00471719
33,3270,3706,0.00510938,0.00579062
34,3303,3671,0.00516094,0.00573594
35,4388,3539,0.00685625,0.00552969
36,3243,0,0.00506719,0.00000000
37,4259,3429,0.00665469,0.00535781
38,4407,3202,0.00688594,0.00500312
39,3188,2966,0.00498125,0.00463437
40,4019,2913,0.00627969,0.00455156
41,4101,2854,0.00640781,0.00445937
42,3019,2793,0.00471719,0.00436406
43,3706,2563,0.00579062,0.00400469
44,3671,2600,0.00573594,0.00406250
45,3539,2506,0.00552969,0.00391562
46,3429,0,0.00535781,0.00000000
47,3202,2747,0.00500312,0.00429219
48,2966,2410,0.00463437,0.00376562
49,2913,2349,0.00455156,0.00367031
50,2854,2505,0.00445937,0.00391406
51,2793,2373,0.00436406,0.00370781
52,2563,2576,0.00400469,0.00402500
53,2600,2512,0.00406250,0.00392500
54,2506,2522,0.00391562,0.00394062
55,2747,2298,0.00429219,0.00359063
56,2410,0,0.00376562,0.00000000
57,2349,2344,0.00367031,0.00366250
58,2505,2297,0.00391406,0.00358906
59,2373,2370,0.00370781,0.00370312
60,2576,2309,0.00402500,0.00360781
61,2512,2358,0.00392500,0.00368438
62,2522,2105,0.00394062,0.00328906
63,2298,2247,0.00359063,0.00351094
64,2344,2209,0.00366250,0.00345156
65,2297,2199,0.00358906,0.00343594
66,2370,0,0.00370312,0.00000000
67,2309,2080,0.00360781,0.00325000
68,2358,2046,0.00368438,0.00319688
69,2105,1945,0.00328906,0.00303906
70,2247,1954,0.00351094,0.00305312
71,2209,1981,0.00345156,0.00309531
72,2199,2076,0.00343594,0.00324375
73,2080,1858,0.00325000,0.00290312
74,2046,1834,0.00319688,0.00286563
75,1945,1887,0.00303906,0.00294844
76,1954,1903,0.00305312,0.00297344
77,1981,0,0.00309531,0.00000000
78,2076,1756,0.00324375,0.00274375
79,1858,1718,0.00290312,0.00268438
80,1834,1679,0.00286563,0.00262344
81,1887,1664,0.00294844,0.00260000
82,1903,1615,0.00297344,0.00252344
83,1756,1812,0.00274375,0.00283125
84,1718,1650,0.00268438,0.00257813
85,1679,1583,0.00262344,0.00247344
86,1664,1655,0.00260000,0.00258594
87,1615,0,0.00252344,0.00000000
88,1812,1670,0.00283125,0.00260938
89,1650,1611,0.00257813,0.00251719
90,1583,1804,0.00247344,0.00281875
91,1655,1598,0.00258594,0.00249687
92,1670,1505,0.00260938,0.00235156
93,1611,1697,0.00251719,0.00265156
94,1804,1508,0.00281875,0.00235625
95,1598,1358,0.00249687,0.00212188
96,1505,1534,0.00235156,0.00239688
97,1697,0,0.00265156,0.00000000
98,1508,4652,0.00235625,0.00726875
99,1358,5861,0.00212188,0.00915781
100,1534,5329,0.00239688,0.00832656
101,4652,5774,0.00726875,0.00902188
102,5861,6891,0.00915781,0.01076719
103,5329,7863,0.00832656,0.01228594
104,5774,7974,0.00902188,0.01245937
105,6891,7416,0.01076719,0.01158750
106,7863,7542,0.01228594,0.01178437
107,7974,0,0.01245937,0.00000000
108,7416,7739,0.01158750,0.01209219
109,7542,7743,0.01178437,0.01209844
110,7739,6170,0.01209219,0.00964062
111,7743,5650,0.01209844,0.00882812
112,6170,5463,0.00964062,0.00853594
113,5650,5809,0.00882812,0.00907656
114,5463,5671,0.00853594,0.00886094
115,5809,5658,0.00907656,0.00884062
116,5671,5764,0.00886094,0.00900625
117,5658,0,0.00884062,0.00000000
118,5764,6342,0.00900625,0.00990937
119,6342,6951,0.00990937,0.01086094
120,6951,6847,0.01086094,0.01069844
121,6847,7359,0.01069844,0.01149844
122,7359,6249,0.01149844,0.00976406
123,6249,6650,0.00976406,0.01039063
124,6650,6157,0.01039063,0.00962031
125,6157,5432,0.00962031,0.00848750
126,5432,5336,0.00848750,0.00833750
127,5336,0,0.00833750,0.00000000
128,5186,5186,0.00810312,0.00810312
129,5107,5107,0.00797969,0.00797969
130,5076,5076,0.00793125,0.00793125
131,5116,5116,0.00799375,0.00799375
132,5282,5282,0.00825313,0.00825313
133,4767,4767,0.00744844,0.00744844
134,4646,4646,0.00725938,0.00725938
135,4752,4752,0.00742500,0.00742500
136,4544,4544,0.00710000,0.00710000
137,4262,4262,0.00665938,0.00665938
138,4101,0,0.00640781,0.00000000
139,4121,4101,0.00643906,0.00640781
140,4110,4121,0.00642187,0.00643906
141,4178,4110,0.00652813,0.00642187
142,4290,4178,0.00670312,0.00652813
143,3771,4290,0.00589219,0.00670312
144,3724,3771,0.00581875,0.00589219
145,3739,3724,0.00584219,0.00581875
146,3506,3739,0.00547813,0.00584219
147,3506,3506,0.00547813,0.00547813
148,3290,0,0.00514063,0.00000000
149,3370,3506,0.00526563,0.00547813
150,3355,3290,0.00524219,0.00514063
151,3488,3370,0.00545000,0.00526563
152,3311,3355,0.00517344,0.00524219
153,3557,3488,0.00555781,0.00545000
154,3221,3311,0.00503281,0.00517344
155,3287,3557,0.00513594,0.00555781
156,2870,3221,0.00448437,0.00503281
157,2995,3287,0.00467969,0.00513594
158,2842,0,0.00444063,0.00000000
159,2754,2870,0.00430312,0.00448437
160,2932,2995,0.00458125,0.00467969
161,2925,2842,0.00457031,0.00444063
162,2793,2754,0.00436406,0.00430312
163,2666,2932,0.00416563,0.00458125
164,2585,2925,0.00403906,0.00457031
165,2575,2793,0.00402344,0.00436406
166,2662,2666,0.00415937,0.00416563
167,2496,2585,0.00390000,0.00403906
168,2578,0,0.00402812,0.00000000
169,2427,2575,0.00379219,0.00402344
170,2497,2662,0.00390156,0.00415937
171,2499,2496,0.00390469,0.00390000
172,2416,2578,0.00377500,0.00402812
173,2323,2427,0.00362969,0.00379219
174,2464,2497,0.00385000,0.00390156
175,2500,2499,0.00390625,0.00390469
176,2485,2416,0.00388281,0.00377500
177,2423,2323,0.00378594,0.00362969
178,2561,2464,0.00400156,0.00385000
179,2204,0,0.00344375,0.00000000
180,2055,2500,0.00321094,0.00390625
181,2162,2485,0.00337813,0.00388281
182,2167,2423,0.00338594,0.00378594
183,2375,2561,0.00371094,0.00400156
184,2192,2204,0.00342500,0.00344375
185,2035,2055,0.00317969,0.00321094
186,2015,2162,0.00314844,0.00337813
187,1838,2167,0.00287187,0.00338594
188,1709,2375,0.00267031,0.00371094
189,1978,0,0.00309063,0.00000000
190,1777,2192,0.00277656,0.00342500
191,1914,2035,0.00299062,0.00317969
192,1841,2015,0.00287656,0.00314844
193,1867,1838,0.00291719,0.00287187
194,1745,1709,0.00272656,0.00267031
195,1621,1978,0.00253281,0.00309063
196,1639,1777,0.00256094,0.00277656
197,1807,1914,0.00282344,0.00299062
198,1689,1841,0.00263906,0.00287656
199,1689,0,0.00263906,0.00000000
200,1874,1867,0.00292813,0.00291719
201,1621,1745,0.00253281,0.00272656
202,1507,1621,0.00235469,0.00253281
203,1620,1639,0.00253125,0.00256094
204,1723,1807,0.00269219,0.00282344
205,1605,1689,0.00250781,0.00263906
206,1479,1689,0.00231094,0.00263906
207,1260,1874,0.00196875,0.00292813
208,1390,1621,0.00217188,0.00253281
209,1447,0,0.00226094,0.00000000
210,1332,1507,0.00208125,0.00235469
211,1260,1620,0.00196875,0.00253125
212,1359,1723,0.00212344,0.00269219
213,1328,1605,0.00207500,0.00250781
214,966,1479,0.00150938,0.00231094
215,1226,1260,0.00191563,0.00196875
216,1452,1390,0.00226875,0.00217188
217,1350,1447,0.00210938,0.00226094
218,1379,1332,0.00215469,0.00208125
219,1507,0,0.00235469,0.00000000
220,2004,1260,0.00313125,0.00196875
221,2399,1359,0.00374844,0.00212344
222,2138,1328,0.00334062,0.00207500
223,1586,966,0.00247812,0.00150938
224,1427,1226,0.00222969,0.00191563
225,1380,1452,0.00215625,0.00226875
226,1147,1350,0.00179219,0.00210938
227,1221,1379,0.00190781,0.00215469
228,628,1507,0.00098125,0.00235469
229,465,0,0.00072656,0.00000000
230,360,2004,0.00056250,0.00313125
231,364,2399,0.00056875,0.00374844
232,216,2138,0.00033750,0.00334062
233,140,1586,0.00021875,0.00247812
234,154,1427,0.00024063,0.00222969
235,136,1380,0.00021250,0.00215625
236,153,1147,0.00023906,0.00179219
237,100,1221,0.00015625,0.00190781
238,101,628,0.00015781,0.00098125
239,64,465,0.00010000,0.00072656
240,72,0,0.00011250,0.00000000
241,69,360,0.00010781,0.00056250
242,49,364,0.00007656,0.00056875
243,8,216,0.00001250,0.00033750
244,0,140,0.00000000,0.00021875
245,0,154,0.00000000,0.00024063
246,0,136,0.00000000,0.00021250
247,0,153,0.00000000,0.00023906
248,0,100,0.00000000,0.00015625
249,0,101,0.00000000,0.00015781
250,0,0,0.00000000,0.00000000
251,0,64,0.00000000,0.00010000
252,0,72,0.00000000,0.00011250
253,0,69,0.00000000,0.00010781
254,0,49,0.00000000,0.00007656
255,0,8,0.00000000,0.00001250
