nivel,orig_R,orig_G,orig_B,realc_R,realc_G,realc_B
0,0,0,0,1,1,1
1,0,0,0,19,8,1
2,0,0,0,69,16,0
3,0,0,0,219,77,5
4,0,0,0,475,254,7
5,0,0,0,1205,0,40
6,0,0,0,0,446,0
7,0,0,0,1829,583,60
8,0,0,0,2645,1130,174
9,1,0,0,3031,1759,273
10,19,0,0,3555,2402,249
11,69,0,0,3558,2876,462
12,219,0,0,4273,2983,415
13,475,1,0,4878,3308,751
14,1205,8,0,5527,3045,1024
15,1829,16,0,4558,3270,1163
16,2645,77,0,4928,0,1107
17,3031,254,0,4783,3570,0
18,3555,446,0,0,4768,1325
19,3558,583,0,4062,3394,1641
20,4273,1130,0,5564,3601,1749
21,4878,1759,0,4987,4578,1821
22,5527,2402,1,5068,3316,1776
23,4558,2876,1,5515,3502,1962
24,4928,2983,0,4452,4212,2323
25,4783,3308,5,4638,3370,2715
26,4062,3045,7,4822,4254,2607
27,5564,3270,40,4353,0,3093
28,4987,3570,60,4586,4238,3227
29,5068,4768,174,4157,3284,0
30,5515,3394,273,0,4062,2429
31,4452,3601,249,3877,3949,2620
32,4638,4578,462,3733,3072,2729
33,4822,3316,415,3438,3703,2107
34,4353,3502,751,3469,3609,2694
35,4586,4212,1024,3320,3520,2217
36,4157,3370,1163,3120,3412,2224
37,3877,4254,1107,2873,0,2576
38,3733,4238,1325,3210,3184,2044
39,3438,3284,1641,3130,2889,2764
40,3469,4062,1749,3009,2863,2209
41,3320,3949,1821,3240,2764,0
42,3120,3072,1776,2944,2788,2543
43,2873,3703,1962,0,2555,2456
44,3210,3609,2323,2982,2548,2401
45,3130,3520,2715,2901,2507,2694
46,3009,3412,2607,2622,2754,2369
47,3240,3184,3093,2705,2394,2489
48,2944,2889,3227,2719,0,2562
49,2982,2863,2429,2717,2359,2460
50,2901,2764,2620,2657,2505,2732
51,2622,2788,2729,2572,2387,2380
52,2705,2555,2107,2451,2563,0
53,2719,2548,2694,2444,2519,2461
54,2717,2507,2217,2380,2532,2579
55,2657,2754,2224,0,2304,2383
56,2572,2394,2576,2323,2279,2325
57,2451,2359,2044,2201,2289,2225
58,2444,2505,2764,2110,0,2213
59,2380,2387,2209,2133,2300,2165
60,2323,2563,2543,2101,2320,2058
61,2201,2519,2456,2014,2347,2112
62,2110,2532,2401,2049,2089,2005
63,2133,2304,2694,1918,2287,1889
64,2101,2279,2369,1928,2213,0
65,2014,2289,2489,1915,2212,1894
66,2049,2300,2562,1990,2081,1965
67,1918,2320,2460,0,2050,1934
68,1928,2347,2732,1874,1954,1663
69,1915,2089,2380,1915,0,1894
70,1990,2287,2461,1929,1885,1777
71,1874,2213,2579,1777,1971,1794
72,1915,2212,2383,1851,2092,1792
73,1929,2081,2325,1685,1853,1849
74,1777,2050,2225,1695,1714,1891
75,1851,1954,2213,5323,1711,0
76,1685,1885,2165,7625,1841,1626
77,1695,1971,2058,7365,1728,1870
78,5323,2092,2112,7101,1766,1748
79,7625,1853,2005,0,1577,1763
80,7365,1714,1889,8825,0,1708
81,7101,1711,1894,8124,1732,1831
82,8825,1841,1965,9848,1616,1855
83,8124,1728,1934,8243,1711,1865
84,9848,1766,1663,8061,1731,1823
85,8243,1577,1894,6935,1537,1735
86,8061,1732,1777,6990,1640,1832
87,6935,1616,1794,6163,1647,0
88,6990,1711,1792,5532,1607,1722
89,6163,1731,1849,5769,1647,1724
90,5532,1537,1891,5706,0,1724
91,5769,1640,1626,0,1558,1726
92,5706,1647,1870,5675,1497,1797
93,5675,1607,1748,6012,1448,1646
94,6012,1647,1763,5628,1391,1736
95,5628,1558,1708,5689,1354,1558
96,5689,1497,1831,5641,1564,1673
97,5641,1448,1855,5563,4559,1652
98,5563,1391,1865,5570,5923,1604
99,5570,1354,1823,5338,5260,0
100,5338,1564,1735,5479,5741,1517
101,5479,4559,1832,5699,0,1479
102,5699,5923,1722,5308,7035,1540
103,5308,5260,1724,0,7032,1600
104,5231,5741,1724,5231,8340,1502
105,5515,7035,1726,5515,6419,1571
106,5684,7032,1797,5684,7477,1511
107,5592,8340,1646,5592,7393,1588
108,5606,6419,1736,5606,7738,1390
109,5371,7477,1558,5371,6215,1454
110,5503,7393,1673,5503,5258,0
111,5431,7738,1652,5431,5266,1348
112,5523,6215,1604,5523,0,1538
113,4745,5258,1517,4745,5094,1379
114,4433,5266,1479,4433,5592,1456
115,4236,5094,1540,0,5621,1486
116,4340,5592,1600,4236,5218,1393
117,4278,5621,1502,4340,5257,1409
118,3847,5218,1571,4278,5994,1395
119,3491,5257,1511,3847,6943,1469
120,3597,5994,1588,3491,6379,1323
121,4021,6943,1390,3597,7036,1342
122,3775,6379,1454,4021,0,0
123,3673,7036,1348,3775,5839,1386
124,3526,5839,1538,3673,6641,1313
125,3783,6641,1379,3526,6249,1420
126,3365,6249,1456,3783,5421,1510
127,3233,5421,1486,3365,5357,1792
128,3279,5357,1393,0,5158,2011
129,3307,5158,1409,3233,5002,2197
130,3161,5002,1395,3279,4868,2925
131,3356,4868,1469,3307,4888,3398
132,3455,4888,1323,3161,5239,2784
133,3321,5239,1342,3356,0,0
134,3047,4793,1386,3455,4793,2170
135,2856,4454,1313,3321,4454,1930
136,2856,4679,1420,3047,4679,1714
137,2753,4366,1510,2856,4366,1627
138,2719,4295,1792,2856,4295,1562
139,2601,3833,2011,2753,3833,1691
140,2589,3925,2197,0,3925,1637
141,2458,4065,2925,2719,4065,2226
142,2373,4234,3398,2601,4234,2446
143,2266,3973,2784,2589,0,5041
144,2290,3838,2170,2458,3973,4057
145,2439,3617,1930,2373,3838,0
146,2325,3672,1714,2266,3617,3518
147,2401,3616,1627,2290,3672,5481
148,2265,3424,1562,2439,3616,6667
149,2282,3469,1691,2325,3424,6460
150,2331,3309,1637,2401,3469,7049
151,2227,3307,2226,2265,3309,6291
152,2509,3313,2446,0,3307,6456
153,2210,3366,5041,2282,3313,6517
154,2168,3227,4057,2331,0,7014
155,2058,3206,3518,2227,3366,6465
156,2100,3154,5481,2509,3227,0
157,2096,3124,6667,2210,3206,6102
158,1905,2849,6460,2168,3154,5862
159,1767,2862,7049,2058,3124,6340
160,1765,2716,6291,2100,2849,6094
161,1712,2622,6456,2096,2862,5826
162,1706,2767,6517,1905,2716,6088
163,1713,2826,7014,1767,2622,6186
164,1905,2873,6465,0,2767,6155
165,1701,2610,6102,1765,0,6180
166,1584,2524,5862,1712,2826,6141
167,1656,2565,6340,1706,2873,6028
168,1644,2586,6094,1713,2610,0
169,1694,2567,5826,1905,2524,5896
170,1782,2509,6088,1701,2565,5702
171,1543,2551,6186,1584,2586,5739
172,1406,2449,6155,1656,2567,5634
173,1375,2505,6180,1644,2509,5309
174,1578,2360,6141,1694,2551,5419
175,1795,2337,6028,1782,0,5231
176,1386,2320,5896,0,2449,5140
177,1339,2428,5702,1543,2505,5299
178,1444,2441,5739,1406,2360,5197
179,1289,2479,5634,1375,2337,4947
180,1281,2384,5309,1578,2320,0
181,1355,2492,5419,1795,2428,4875
182,1396,2123,5231,1386,2441,4762
183,1104,2001,5140,1339,2479,4793
184,1044,2208,5299,1444,2384,4522
185,1167,2088,5197,1289,2492,4684
186,1187,2134,4947,1281,0,4538
187,1161,2254,4875,1355,2123,4224
188,1204,2173,4762,0,2001,4298
189,1170,1789,4793,1396,2208,4296
190,1203,1559,4522,1104,2088,4348
191,1308,1802,4684,1044,2134,0
192,1054,1819,4538,1167,2254,4037
193,773,2046,4224,1187,2173,4060
194,877,1743,4298,1161,1789,4314
195,1118,1744,4296,1204,1559,4120
196,1035,1841,4348,1170,1802,4130
197,881,1806,4037,1203,0,3920
198,973,1772,4060,1308,1819,3718
199,1012,1768,4314,1054,2046,3818
200,918,1640,4120,0,1743,3872
201,912,1514,4130,773,1744,3939
202,928,1777,3920,877,1841,3613
203,959,1872,3718,1118,1806,0
204,606,1896,3818,1035,1772,3717
205,673,1666,3872,881,1768,3864
206,821,1731,3939,973,1640,3837
207,951,1817,3613,1012,0,3784
208,865,1580,3717,918,1514,3705
209,819,1457,3864,912,1777,3562
210,644,1256,3837,928,1872,3762
211,768,1374,3784,959,1896,3768
212,1038,1502,3705,606,1666,4041
213,934,1389,3562,0,1731,3916
214,1137,1265,3762,673,1817,0
215,999,1407,3768,821,1580,4075
216,983,1310,4041,951,1457,4320
217,1033,1005,3916,865,1256,4079
218,1230,1404,4075,819,0,4194
219,952,1716,4320,644,1374,3682
220,813,1683,4079,768,1502,3893
221,871,2028,4194,1038,1389,3924
222,808,2687,3682,934,1265,4014
223,748,2514,3893,1137,1407,4461
224,660,1880,3924,999,1310,4550
225,440,1552,4014,0,1005,4896
226,495,1521,4461,983,1404,0
227,469,1395,4550,1033,1716,5402
228,298,1015,4896,1230,0,6748
229,195,614,5402,952,1683,7521
230,207,459,6748,813,2028,6399
231,183,418,7521,871,2687,4550
232,138,302,6399,808,2514,2816
233,128,172,4550,748,1880,1480
234,101,161,2816,660,1552,1063
235,108,143,1480,440,1521,577
236,77,151,1063,495,1395,392
237,77,115,577,0,1015,321
238,68,111,392,469,614,0
239,53,66,321,298,0,260
240,43,67,260,195,459,191
241,39,70,191,207,418,167
242,31,51,167,183,302,109
243,1,15,109,138,172,88
244,0,3,88,128,161,64
245,0,0,64,101,143,63
246,0,0,63,108,151,32
247,0,0,32,77,115,35
248,0,0,35,77,111,26
249,0,0,26,0,66,0
250,0,0,11,68,0,11
251,0,0,10,53,67,10
252,0,0,11,43,70,11
253,0,0,6,39,51,6
254,0,0,6,31,15,6
255,0,0,11,1,3,11
